AA	P	G	A	C	S	T	N	D	Q	E	K	R	H	L	I	V	M	Y	F	W
P	0	0	0	0	0	0	0	0	0	0	0	0	0	-20	-20	-20	-20	0	0	0
G	0	0	0	0	0	0	0	0	0	0	0	0	0	0	0	0	0	0	0	0
A	0	0	0	0	0	0	0	0	0	0	0	0	0	0	0	0	0	0	0	0
C	0	0	0	0	0	0	0	0	0	0	0	0	0	0	0	0	0	0	0	0
S	0	0	0	0	0	0	0	0	0	0	10	10	0	0	0	0	0	0	0	0
T	0	0	0	0	0	0	0	0	10	10	20	20	0	0	-20	0	0	0	0	0
N	0	0	0	0	0	0	0	0	20	20	0	0	0	0	0	0	0	0	-20	0
D	0	0	0	0	0	20	0	0	0	0	-5	-15	0	0	0	0	0	15	15	15
Q	0	0	0	0	0	0	0	0	0	0	0	0	0	0	0	0	0	0	0	0
E	0	0	0	0	0	0	0	0	0	0	-15	-20	0	0	0	0	0	0	0	0
K	0	0	0	0	0	0	0	5	0	-15	15	15	0	-10	0	0	0	0	0	0
R	0	0	0	0	0	0	0	20	-15	-20	0	0	0	-10	0	0	0	0	0	0
H	0	0	0	0	0	0	0	0	0	-18	0	20	0	0	0	0	0	0	0	0
L	0	0	0	0	20	0	15	15	0	0	0	0	0	-16	-43	-30	-30	-20	-20	-20
I	0	0	0	0	0	0	20	30	0	15	0	0	0	-7	-30	-20	-30	-30	-30	-30
V	0	0	0	0	0	0	20	30	0	15	0	0	0	-3	-30	-20	-30	-10	-30	-30
M	0	0	0	0	0	0	0	0	0	0	0	0	0	-30	-10	-10	-20	-30	-30	-30
F	0	0	0	0	0	0	0	0	0	0	0	0	-25	0	-30	-20	-30	-45	-45	45
Y	0	0	0	0	0	0	0	0	0	0	0	0	-25	0	-30	-20	-30	-45	-45	45
W	0	0	0	0	0	0	0	0	0	0	0	0	-25	0	-30	-30	-30	-45	-45	45
